"Forecast","Actual","AR","FAVAR","DFM","XGBoost","NNAR","Combined"
1,0.0405735902820084,0.237137222091501,0.0010684855166967,0.00994677552726167,0.304433912038803,0.419307385671444,0.0603668232575657
2,0.148647358541993,0.29592183832419,0.000847071933349619,0.00845529759570524,0.182210192084312,0.518152561239121,0.0679595324575005
