"Model","Horizon","Actual","Actuals","RMSE","MAE","SMAPE","Theils_U1","MDAPE"
"AR",11,0.0946104744120007,"0.0406; 0.1486",0.173676471845289,0.171919055795845,103.907430071852,0.460558140700251,291.769215486235
"FAVAR",11,0.0946104744120007,"0.0406; 0.1486",0.108179429708506,0.0936526956869775,193.734992035736,0.984175361034408,98.3983479574799
"DFM",11,0.0946104744120007,"0.0406; 0.1486",0.101468753156795,0.0854094378505172,149.858668245112,0.858552044487699,84.8982236587628
"XGBoost",11,0.0946104744120007,"0.0406; 0.1486",0.188080744884994,0.148711577649557,86.623784095733,0.522687943347714,336.452063526908
"NNAR",11,0.0946104744120007,"0.0406; 0.1486",0.374147953749805,0.374119499043282,137.76944703104,0.644768059916669,591.013720225248
"Combined",11,0.0946104744120007,"0.0406; 0.1486",0.0587464779789648,0.0502405295300249,56.8596410502984,0.339123982651104,51.5324553187851
