"Model","Horizon","Actual","Actuals","RMSE","MAE","SMAPE","Theils_U1","MDAPE"
"AR",12,0.148647358541993,"0.1486",0.142778648343329,0.142778648343329,64.8885661165565,0.324442830582782,96.0519243286751
"FAVAR",12,0.148647358541993,"0.1486",0.148034881701934,0.148034881701934,198.358629195882,0.991793145979408,99.5879665497817
"DFM",12,0.148647358541993,"0.1486",0.141658773794035,0.141658773794035,182.038635548505,0.910193177742524,95.2985476388513
"XGBoost",12,0.148647358541993,"0.1486",0.161266395921203,0.161266395921203,70.3358358777265,0.351679179388633,108.489244277856
"NNAR",12,0.148647358541993,"0.1486",0.412201960853976,0.412201960853976,116.195599971511,0.580977999857553,277.301907613467
"Combined",12,0.148647358541993,"0.1486",0.0757965140556165,0.0757965140556165,68.4398455782583,0.342199227891291,50.9908247271033
